{
  "elo": {
    "A": 0.9474901064226892,
    "B": 1.7605094245437607,
    "n_matches": 477,
    "brier": 0.13923045959999983,
    "fitted_at": "now"
  },
  "market_odds": {
    "A": 1.0,
    "B": 0.0,
    "n_matches": 0,
    "brier": 1.0,
    "fitted_at": "cold_start"
  },
  "catboost": {
    "A": 1.0,
    "B": 0.0,
    "n_matches": 0,
    "brier": 1.0,
    "fitted_at": "cold_start"
  },
  "form": {
    "A": 12.830331386366197,
    "B": 3.5864353594517393,
    "n_matches": 405,
    "brier": 0.16527059417088982,
    "fitted_at": "now"
  },
  "lineup_strength": {
    "A": 12.838886650416692,
    "B": 10.862465618235248,
    "n_matches": 405,
    "brier": 0.18664446628838152,
    "fitted_at": "now"
  }
}