{
  "alpha": 1.860877,
  "T": 0.537381,
  "log_loss": 0.995298,
  "log_loss_before": 1.017035,
  "n_samples": 144
}