{
  "elo": {
    "A": 0.7918202411476214,
    "B": 1.2755248590968258,
    "n_matches": 718,
    "brier": 0.10858049639999998,
    "fitted_at": "now"
  },
  "market_odds": {
    "A": 1.6866389983025836,
    "B": 1.0932693136347553,
    "n_matches": 88,
    "brier": 0.11168005293334918,
    "fitted_at": "now"
  },
  "catboost": {
    "A": 1.0,
    "B": 0.0,
    "n_matches": 0,
    "brier": 1.0,
    "fitted_at": "cold_start"
  },
  "form": {
    "A": 4.592455190389027,
    "B": 1.35042166508436,
    "n_matches": 637,
    "brier": 0.12363784762804375,
    "fitted_at": "now"
  },
  "lineup_strength": {
    "A": 2.244352202920049,
    "B": 1.7579930135041293,
    "n_matches": 637,
    "brier": 0.1094614149158398,
    "fitted_at": "now"
  }
}