{
  "brier": 0.1782811202605933,
  "log_loss": 0.7168013894276207,
  "n_matches": 3,
  "generated_at": "2026-06-15T13:24:13.359846"
}